TID;Name;Use;Appearance;Category;TRL;PowerSource;PriceMin;PriceMax;PriceAvg;
1;Antigravity Recognizer;Low-gravity zones navigation;Circular pads with glowing halo;Navigation;6;Battery;50000;70000;60000;
2;Molecular Integrity Scanner;Analyze structural integrity of walls;Handheld with 3D structure display;Analysis;7;Battery;30000;45000;37500;
3;Subterranean Sonar Mapper;Map underground terrain;Dome-shaped emitters on shoulders;Mapping;5;Solar and Battery;40000;60000;50000;
4;Atmospheric Composition Monitor;Measure air quality;Spherical nodes on chest;Monitoring;8;Battery and Solar;25000;35000;30000;
5;Radiation Filtration System;Filter out harmful radiation;Layered plates with shimmering surface;Filtration;4;N/A (Passive system);75000;90000;82500;
6;Thermal Energy Converter;Convert heat to energy;Grid-like panels on forearms;Conversion;6;Thermal (Heat);65000;80000;72500;
7;Seismic Activity Detector;Predict seismic activities;Wrist bands with crystals;Detection;7;Battery;20000;30000;25000;
8;Luminosity Enhancer;Amplify light in darkness;Helmet lights with adjustable brightness;General;5;Various;20000;50000;35000;
9;Ore Purity Spectrometer;Determine ore purity;Finger-mounted lenses;General;5;Various;20000;50000;35000;
10;Magnetic Field Disruptor;Disable electronic threats;Coil wraps around boots;General;5;Various;20000;50000;35000;
11;Hydrophobic Barrier Projector;Repel water;Belt-mounted protective field emitter;General;5;Various;20000;50000;35000;
12;Antigravity Recognizer;Low-gravity zones navigation;Circular pads with glowing halo;Navigation;6;Battery;50000;70000;60000;
13;Molecular Integrity Scanner;Analyze structural integrity of walls;Handheld with 3D structure display;Analysis;7;Battery;30000;45000;37500;
14;Subterranean Sonar Mapper;Map underground terrain;Dome-shaped emitters on shoulders;Mapping;5;Solar and Battery;40000;60000;50000;
15;Atmospheric Composition Monitor;Measure air quality;Spherical nodes on chest;Monitoring;8;Battery and Solar;25000;35000;30000;
16;Radiation Filtration System;Filter out harmful radiation;Layered plates with shimmering surface;Filtration;4;N/A (Passive system);75000;90000;82500;
17;Thermal Energy Converter;Convert heat to energy;Grid-like panels on forearms;Conversion;6;Thermal (Heat);65000;80000;72500;
18;Seismic Activity Detector;Predict seismic activities;Wrist bands with crystals;Detection;7;Battery;20000;30000;25000;
19;Luminosity Enhancer;Amplify light in darkness;Helmet lights with adjustable brightness;General;5;Various;20000;50000;35000;
20;Ore Purity Spectrometer;Determine ore purity;Finger-mounted lenses;General;5;Various;20000;50000;35000;
21;Magnetic Field Disruptor;Disable electronic threats;Coil wraps around boots;General;5;Various;20000;50000;35000;
22;Hydrophobic Barrier Projector;Repel water;Belt-mounted protective field emitter;General;5;Various;20000;50000;35000;
23;Electromagnetic Pulse Emitter;Disable unshielded electronics;Backpack-mounted dish with a pulsing core;General;5;Various;20000;50000;35000;
24;Quantum Entanglement Communicator;Instant communication regardless of distance;Wrist device with entangled particles;General;5;Various;20000;50000;35000;
25;Nano-Repair Bots;Self-repair of suit damage;Swarm of microbots contained in forearm compartment;General;5;Various;20000;50000;35000;
26;Gravity Wave Detector;Detect gravitational anomalies;Helmet-integrated sensor array;General;5;Various;20000;50000;35000;
27;Photon Collector;Harvest energy from light;Shoulder-mounted reflective dishes;General;5;Various;20000;50000;35000;
28;Biometric Health Monitor;Track user's vital signs;Built-in suit sensors linked to HUD;General;5;Various;20000;50000;35000;
29;AI Decision Assistant;Provide tactical suggestions;Neural-link interface with visual HUD prompts;General;5;Various;20000;50000;35000;
30;Geothermal Power Harnesser;Generate power from heat;Sole-embedded converters;Conversion;6;Thermal (Heat);65000;80000;72500;
31;Oxygen Recycler;Extend breathable air supply;Chest-mounted closed-loop system;General;5;Various;20000;50000;35000;
32;Pressure Stabilizer;Maintain suit pressure;Integrated suit networks with automatic valves;General;5;Various;20000;50000;35000;
33;Hazardous Material Identifier;Identify toxic substances;Wrist-mounted spectrometer;General;5;Various;20000;50000;35000;
34;Telepresence Projector;Project holographic presence;Small projector on belt;General;5;Various;20000;50000;35000;
35;Inertial Dampener;Reduce impact from falls and shocks;Exoskeleton lining with gel-cushioning cells;General;5;Various;20000;50000;35000;
36;Thermal Camouflage;Blend with thermal surroundings;Chameleon-like skin on suit's exterior;General;5;Various;20000;50000;35000;
37;Kinetic Energy Storage;Store energy from movement;Battery packs on thighs;General;5;Various;20000;50000;35000;
38;Liquid Nitrogen Injector;Cool down suit in high temperatures;Cylinders on lower back with dispersal nozzles;General;5;Various;20000;50000;35000;
39;Plasma Cutter;For precision mining and cutting;Forearm-mounted retractable cutter;General;5;Various;20000;50000;35000;
40;Dark Matter Detector;Research tool for exotic materials;Compact sensor array on chest;General;5;Various;20000;50000;35000;
41;Neural Interface Control;Control suit with thoughts;Neural crown integrated in helmet;General;5;Various;20000;50000;35000;
42;Sonic Repellent;Repel underground creatures;Ultrasonic emitters on belt;General;5;Various;20000;50000;35000;
43;Holographic Mapping Display;3D terrain projection;Glove with pop-up display;General;5;Various;20000;50000;35000;
44;Carbon Scrubber;Remove CO2 from air supply;Back-mounted filtration unit;General;5;Various;20000;50000;35000;
45;Retractable Climbing Claws;Navigate rough terrain;Extendable claws from boots;General;5;Various;20000;50000;35000;
46;Enhanced Strength Servos;Augment lifting capacity;Servo-motors at joints;General;5;Various;20000;50000;35000;
47;Multispectral Imager;See in various light spectrums;Visor with selectable modes;General;5;Various;20000;50000;35000;
48;Temporal Flux Detector;Experimental time disturbance sensor;Bracelet with temporal sensors;General;5;Various;20000;50000;35000;
49;Electricity Generator;Harness static from the air;Arm bands with conductive material;General;5;Various;20000;50000;35000;
50;Underwater Propulsion Unit;Swim through flooded areas;Jet propellers at suit's back;General;5;Various;20000;50000;35000;
51;Soundwave Analyzer;Decode underground sounds;Ear-covering sensors;General;5;Various;20000;50000;35000;
52;Virtual Reality Training Interface;Simulate mining scenarios;Visor-integrated VR system;General;5;Various;20000;50000;35000;
53;Portable 3D Printer;Create tools on-demand;Backpack with material cartridges;General;5;Various;20000;50000;35000;
54;Biohazard Sealer;Seal suit against contaminants;Seams with auto-sealing technology;General;5;Various;20000;50000;35000;
55;Particle Beam Weapon;Defense against threats;Hand-mounted beam weapon;General;5;Various;20000;50000;35000;
56;Zero-Point Energy Extractor;Experimental energy source;Core chest device with zero-point module;General;5;Various;20000;50000;35000;
57;Subspace Antenna;Maintain communication in dense materials;Collapsible antenna on shoulder;General;5;Various;20000;50000;35000;
58;Photonic Shield Generator;Generate light-based shield;Wrist-activated energy arc;General;5;Various;20000;50000;35000;
59;Smart Dust Deployment;Area surveillance;Canister with dispersible micro-sensors;General;5;Various;20000;50000;35000;
60;Ionic Thruster;Short bursts of speed;Back-mounted thrusters;General;5;Various;20000;50000;35000;
61;Nano-Assembler;Construct items from raw materials;Box with nano-assemblers on hip;General;5;Various;20000;50000;35000;
62;Gravity Anchor;Stabilize position in varying gravity;Boots with gravity plates;General;5;Various;20000;50000;35000;
63;Geo-Thermal Gauntlets;Channeling underground heat for energy;Fiery energy cuffs on wrists;Conversion;6;Thermal (Heat);65000;80000;72500;
64;Kinetic Absorption Pads;Absorb shock from drilling;Shiny black pads on knees;General;5;Various;20000;50000;35000;
65;Lava-Resistant Plating;Protect against extreme heat;Dark heat-dissipating plating on legs;Conversion;6;Thermal (Heat);65000;80000;72500;
66;Electro-Magnetic Boots;Magnetic grip to walk on metal surfaces;Boots with glowing soles;General;5;Various;20000;50000;35000;
67;Focused Sonic Drill;High precision drilling;Arm-mounted drill with a glowing tip;General;5;Various;20000;50000;35000;
68;Thermal Vision Visor;See through smoke and dust;Helmet with an orange visor;General;5;Various;20000;50000;35000;
69;Energy Pulse Emitter;Blast away debris;Shoulder-mounted emitters with a warm glow;General;5;Various;20000;50000;35000;
70;Mantle Penetrating Radar;Deep earth scanning;Integrated back unit with radar fins;General;5;Various;20000;50000;35000;
71;Vibration Dampening Core;Stabilize during earth tremors;Central chest unit with oscillating lights;General;5;Various;20000;50000;35000;
72;Exo-Skeleton Powerframe;Enhanced strength for heavy lifting;Reinforced black exoskeleton;General;5;Various;20000;50000;35000;
73;Plasma Torch Cutter;Cutting through rock and metal;Integrated torches on fingertips;General;5;Various;20000;50000;35000;
74;Ore Sample Analyzer;Instant onsite mineral analysis;Belt-mounted device with retractable probes;General;5;Various;20000;50000;35000;
75;Heat Exchanger Unit;Regulate suit temperature;Back-mounted unit with vented slats;General;5;Various;20000;50000;35000;
76;Ionized Air Purifier;Provide clean breathing air;Mask with side filters;General;5;Various;20000;50000;35000;
77;Arc-Welding Projector;Welding in field conditions;Wrist-mounted welding arc projectors;General;5;Various;20000;50000;35000;
78;Gravitational Wave Stabilizer;Counteract sudden gravity shifts;Device with concentric rings on belt;General;5;Various;20000;50000;35000;
79;Subsonic Communicator;Communication in noisy environments;Throat device emitting subsonic waves;General;5;Various;20000;50000;35000;
80;Rock Composition Scanner;Detailed rock composition data;Handheld device with a scanning beam;General;5;Various;20000;50000;35000;
81;Photon Dispersion Field;Disperse laser traps and security measures;Small emitters around the waist;General;5;Various;20000;50000;35000;
82;Energy Shield Generator;Generate a protective force field;Chest emblem emitting a protective bubble;General;5;Various;20000;50000;35000;
83;Halo Light Projector;Illuminates dark environments;Overhead circular array emitting bright light;General;5;Various;20000;50000;35000;
84;Energy Conduit Harness;Transfers power throughout the suit;Visible light-up cables along the suit;General;5;Various;20000;50000;35000;
85;Personal Shield Generator;Personal defense against environmental hazards;Chest-mounted device with light indicator;General;5;Various;20000;50000;35000;
86;Ionic Filtration Mask;Filtration of toxic gases;Mask with integrated light-up air filters;General;5;Various;20000;50000;35000;
87;Arc Reactor Core;Power source with high output;Visible glowing core at the center of the chest;General;5;Various;20000;50000;35000;
88;Environmental Adaptation Unit;Regulates suit environment;Shoulder mounted with multi-colored lights;General;5;Various;20000;50000;35000;
89;Gravitational Field Detector;Detects changes in gravitational fields;Bracelets with glowing indicators;General;5;Various;20000;50000;35000;
90;Electrostatic Discharge Gloves;Allows safe handling of electrically charged materials;Gloves with glowing fingertips;General;5;Various;20000;50000;35000;
91;Multi-Frequency Communication Array;Enables communication across various frequencies;Neckline with integrated light-up nodes;General;5;Various;20000;50000;35000;
92;Quantum Computing Interface;Advanced computation and data analysis;Forearm panel with holographic display;General;5;Various;20000;50000;35000;
93;Photon Barrier Emitter;Emits a light barrier to create temporary illuminated workspace;Device around the head with light rings;General;5;Various;20000;50000;35000;
94;Magnetic Resonance Couplers;Attach to and manipulate metal objects;Bracelets with magnetic field generators;General;5;Various;20000;50000;35000;
95;Kinetic Energy Harvesters;Harvests energy from motion to recharge the suit;Bands around the arms and legs with light strips;General;5;Various;20000;50000;35000;
96;Holographic Display Gauntlets;Projection of data and images;Gauntlets with hologram projectors;General;5;Various;20000;50000;35000;
97;Anti-Gravity Levitation Pack;Enables controlled hovering and levitation;Large disc on the back with anti-gravity emitters;General;5;Various;20000;50000;35000;
98;Subterranean Navigation Matrix;Assists in underground pathfinding and navigation;Integrated suit HUD with 3D mapping projections;Navigation;6;Battery;50000;70000;60000;
99;Crystal Resonance Locator;Detects valuable mineral deposits through resonance frequencies;Arm-mounted device with a crystalline sensor array and pulsating lights;General;5;Various;20000;50000;35000;
100;Compact Rock Dissolver;Safely dissolves rock formations without explosives using a chemical agent and ultrasonic;Handheld device with a nozzle for agent dispersion;Mining Efficiency;8;Battery;6000;8000;7000;
101;Self-Healing Protective Gear;Protective mining gear that automatically repairs small tears or punctures;Fabric embedded with microcapsules containing repair agent;Safety;9;None (Passive);2500;4000;3250;
102;Wireless Energy Transfer System;Transfers electrical power without wires to mining equipment underground;Network of underground relay stations;Energy;9;Magnetic Resonance;10000;50000;30000;
103;I Driven Geological Scanner;Uses AI to analyze rock samples in real-time and predict mineral locations;Portable device with sample insertion slot and digital display;Analysis;9;Battery;7500;10000;8750;
104;Biometric Health Monitor;Monitors miner's health in real-time and alerts for any anomalies;Wearable device resembling a smartwatch;Health Monitoring;9;Battery;1000;2000;1500;
105;Virtual Reality Training Simulator;Immersive training for miners in simulated hazardous conditions;VR headset and motion tracking gloves;Training;9;Battery;4500;6000;5250;
106;Portable Air Purification Unit;Provides clean breathing air by filtering harmful particles and gases;Backpack-sized unit with face mask;Safety;9;Battery;3000;4500;3750;
107;Smart Lighting System;Automatically adjusts brightness based on the ambient light and presence of personnel;LED lights integrated with sensors;Lighting;9;Solar;5000;7000;6000;
108;Robotic Drilling Assistant;Automates drilling operations and reduces manual labor;Four-legged robot with mounted drill;Mining Efficiency;9;Electric (Corded);12000;15000;13500;
109;Subterranean Communication Link;Enhances underground communication with surface operations;Underground relay stations and surface antenna;Communication;9;Battery and Solar;9000;12000;10500;
110;Automated Mineral Sorting System;Uses machine vision to sort minerals from waste rock;Conveyor belt system with cameras and sorting mechanism;Processing;9;Electric;20000;30000;25000;
111;Hydrophobic Coating Spray;Prevents water and mud from sticking to machinery and vehicles;Aerosol cans with spray nozzle;Maintenance;9;None (Chemical);100;200;150;
112;Seismic Prediction Software;Analyzes seismic data to predict potential rockfalls or collapses;Software application for mobile devices and PCs;Safety;9;N/A (Software);500;1500;1000;
113;Remote-Controlled Demolition Drone;Performs controlled explosions in hazardous areas;Drone equipped with explosives and camera;Demolition;9;Battery;8000;10000;9000;
114;Emergency Shelter Pod;Provides immediate shelter and life-support in case of underground emergencies;Compact deployable pod with life-support systems;Safety;9;Battery and Manual;15000;20000;17500;
115;Long-Range Acoustic Device;Communicates and warns personnel across vast distances underground;Handheld device with directional speaker;Communication;9;Battery;2000;3500;2750;
116;Electromagnetic Vehicle Locator;Tracks and locates vehicles and equipment through electromagnetic signals;Dashboard-mounted display in vehicles;Navigation;9;Vehicle Power;1500;2500;2000;
117;Automated Ore Loader;Efficiently loads ore into transport containers with minimal human intervention;Large robotic arms with scoop attachments;Mining Efficiency;9;Electric;25000;40000;32500;
118;Geothermal Cooling Vest;Reduces body temperature for miners working in high-heat environments;Wearable vest with integrated cooling tubes;Safety;9;Body Heat & Thermal;1200;2000;1600;
119;Solar-Powered Illumination Drones;Provides temporary lighting in dark or newly excavated areas;Small drones with bright LED lights;Lighting;9;Solar;3000;4000;3500;
120;Rock Stability Sensors;Monitors and alerts to potential rock movement or collapse;Small mountable sensors placed on rock faces;Monitoring;9;Battery;500;700;600;
121;Water Recycler for Drilling;Recycles water used in drilling operations to minimize waste;Portable filtration unit;Sustainability;9;Electric;10000;12000;11000;
122;Pressure-Activated Emergency Beacon;Sends an emergency signal when activated by extreme pressure;Small wearable device;Safety;9;Battery;250;400;325;
123;Autonomous Inspection Drone;Performs visual inspections of hard-to-reach areas in mines;Quadcopter drone with HD camera;Inspection;9;Battery;5000;6500;5750;
124;Smart Dust for Air Quality;Tiny sensors that float in the air to monitor quality and detect hazardous gases;Microscopic sensors dispersed in areas of interest;Environmental Monitoring;9;Ambient Energy;2000;3000;2500;
