Technology Name,Use,Appearance,Category,TRL,Power Source,Cost Range
Antigravity Recognizer,Low-gravity zones navigation,Circular pads with glowing halo,Navigation,6,Battery,"$50,000 - $70,000"
Molecular Integrity Scanner,Analyze structural integrity of walls,Handheld with 3D structure display,Analysis,7,Battery,"$30,000 - $45,000"
Subterranean Sonar Mapper,Map underground terrain,Dome-shaped emitters on shoulders,Mapping,5,Solar and Battery,"$40,000 - $60,000"
Atmospheric Composition Monitor,Measure air quality,Spherical nodes on chest,Monitoring,8,Battery and Solar,"$25,000 - $35,000"
Radiation Filtration System,Filter out harmful radiation,Layered plates with shimmering surface,Filtration,4,N/A (Passive system),"$75,000 - $90,000"
Thermal Energy Converter,Convert heat to energy,Grid-like panels on forearms,Conversion,6,Thermal (Heat),"$65,000 - $80,000"
Seismic Activity Detector,Predict seismic activities,Wrist bands with crystals,Detection,7,Battery,"$20,000 - $30,000"
Luminosity Enhancer,Amplify light in darkness,Helmet lights with adjustable brightness,General,5,Various,"$20,000 - $50,000"
Ore Purity Spectrometer,Determine ore purity,Finger-mounted lenses,General,5,Various,"$20,000 - $50,000"
Magnetic Field Disruptor,Disable electronic threats,Coil wraps around boots,General,5,Various,"$20,000 - $50,000"
Hydrophobic Barrier Projector,Repel water,Belt-mounted protective field emitter,General,5,Various,"$20,000 - $50,000"
Antigravity Recognizer,Low-gravity zones navigation,Circular pads with glowing halo,Navigation,6,Battery,"$50,000 - $70,000"
Molecular Integrity Scanner,Analyze structural integrity of walls,Handheld with 3D structure display,Analysis,7,Battery,"$30,000 - $45,000"
Subterranean Sonar Mapper,Map underground terrain,Dome-shaped emitters on shoulders,Mapping,5,Solar and Battery,"$40,000 - $60,000"
Atmospheric Composition Monitor,Measure air quality,Spherical nodes on chest,Monitoring,8,Battery and Solar,"$25,000 - $35,000"
Radiation Filtration System,Filter out harmful radiation,Layered plates with shimmering surface,Filtration,4,N/A (Passive system),"$75,000 - $90,000"
Thermal Energy Converter,Convert heat to energy,Grid-like panels on forearms,Conversion,6,Thermal (Heat),"$65,000 - $80,000"
Seismic Activity Detector,Predict seismic activities,Wrist bands with crystals,Detection,7,Battery,"$20,000 - $30,000"
Luminosity Enhancer,Amplify light in darkness,Helmet lights with adjustable brightness,General,5,Various,"$20,000 - $50,000"
Ore Purity Spectrometer,Determine ore purity,Finger-mounted lenses,General,5,Various,"$20,000 - $50,000"
Magnetic Field Disruptor,Disable electronic threats,Coil wraps around boots,General,5,Various,"$20,000 - $50,000"
Hydrophobic Barrier Projector,Repel water,Belt-mounted protective field emitter,General,5,Various,"$20,000 - $50,000"
Electromagnetic Pulse Emitter,Disable unshielded electronics,Backpack-mounted dish with a pulsing core,General,5,Various,"$20,000 - $50,000"
Quantum Entanglement Communicator,Instant communication regardless of distance,Wrist device with entangled particles,General,5,Various,"$20,000 - $50,000"
Nano-Repair Bots,Self-repair of suit damage,Swarm of microbots contained in forearm compartment,General,5,Various,"$20,000 - $50,000"
Gravity Wave Detector,Detect gravitational anomalies,Helmet-integrated sensor array,General,5,Various,"$20,000 - $50,000"
Photon Collector,Harvest energy from light,Shoulder-mounted reflective dishes,General,5,Various,"$20,000 - $50,000"
Biometric Health Monitor,Track user's vital signs,Built-in suit sensors linked to HUD,General,5,Various,"$20,000 - $50,000"
AI Decision Assistant,Provide tactical suggestions,Neural-link interface with visual HUD prompts,General,5,Various,"$20,000 - $50,000"
Geothermal Power Harnesser,Generate power from heat,Sole-embedded converters,Conversion,6,Thermal (Heat),"$65,000 - $80,000"
Oxygen Recycler,Extend breathable air supply,Chest-mounted closed-loop system,General,5,Various,"$20,000 - $50,000"
Pressure Stabilizer,Maintain suit pressure,Integrated suit networks with automatic valves,General,5,Various,"$20,000 - $50,000"
Hazardous Material Identifier,Identify toxic substances,Wrist-mounted spectrometer,General,5,Various,"$20,000 - $50,000"
Telepresence Projector,Project holographic presence,Small projector on belt,General,5,Various,"$20,000 - $50,000"
Inertial Dampener,Reduce impact from falls and shocks,Exoskeleton lining with gel-cushioning cells,General,5,Various,"$20,000 - $50,000"
Thermal Camouflage,Blend with thermal surroundings,Chameleon-like skin on suit's exterior,General,5,Various,"$20,000 - $50,000"
Kinetic Energy Storage,Store energy from movement,Battery packs on thighs,General,5,Various,"$20,000 - $50,000"
Liquid Nitrogen Injector,Cool down suit in high temperatures,Cylinders on lower back with dispersal nozzles,General,5,Various,"$20,000 - $50,000"
Plasma Cutter,For precision mining and cutting,Forearm-mounted retractable cutter,General,5,Various,"$20,000 - $50,000"
Dark Matter Detector,Research tool for exotic materials,Compact sensor array on chest,General,5,Various,"$20,000 - $50,000"
Neural Interface Control,Control suit with thoughts,Neural crown integrated in helmet,General,5,Various,"$20,000 - $50,000"
Sonic Repellent,Repel underground creatures,Ultrasonic emitters on belt,General,5,Various,"$20,000 - $50,000"
Holographic Mapping Display,3D terrain projection,Glove with pop-up display,General,5,Various,"$20,000 - $50,000"
Carbon Scrubber,Remove CO2 from air supply,Back-mounted filtration unit,General,5,Various,"$20,000 - $50,000"
Retractable Climbing Claws,Navigate rough terrain,Extendable claws from boots,General,5,Various,"$20,000 - $50,000"
Enhanced Strength Servos,Augment lifting capacity,Servo-motors at joints,General,5,Various,"$20,000 - $50,000"
Multispectral Imager,See in various light spectrums,Visor with selectable modes,General,5,Various,"$20,000 - $50,000"
Temporal Flux Detector,Experimental time disturbance sensor,Bracelet with temporal sensors,General,5,Various,"$20,000 - $50,000"
Electricity Generator,Harness static from the air,Arm bands with conductive material,General,5,Various,"$20,000 - $50,000"
Underwater Propulsion Unit,Swim through flooded areas,Jet propellers at suit's back,General,5,Various,"$20,000 - $50,000"
Soundwave Analyzer,Decode underground sounds,Ear-covering sensors,General,5,Various,"$20,000 - $50,000"
Virtual Reality Training Interface,Simulate mining scenarios,Visor-integrated VR system,General,5,Various,"$20,000 - $50,000"
Portable 3D Printer,Create tools on-demand,Backpack with material cartridges,General,5,Various,"$20,000 - $50,000"
Biohazard Sealer,Seal suit against contaminants,Seams with auto-sealing technology,General,5,Various,"$20,000 - $50,000"
Particle Beam Weapon,Defense against threats,Hand-mounted beam weapon,General,5,Various,"$20,000 - $50,000"
Zero-Point Energy Extractor,Experimental energy source,Core chest device with zero-point module,General,5,Various,"$20,000 - $50,000"
Subspace Antenna,Maintain communication in dense materials,Collapsible antenna on shoulder,General,5,Various,"$20,000 - $50,000"
Photonic Shield Generator,Generate light-based shield,Wrist-activated energy arc,General,5,Various,"$20,000 - $50,000"
Smart Dust Deployment,Area surveillance,Canister with dispersible micro-sensors,General,5,Various,"$20,000 - $50,000"
Ionic Thruster,Short bursts of speed,Back-mounted thrusters,General,5,Various,"$20,000 - $50,000"
Nano-Assembler,Construct items from raw materials,Box with nano-assemblers on hip,General,5,Various,"$20,000 - $50,000"
Gravity Anchor,Stabilize position in varying gravity,Boots with gravity plates,General,5,Various,"$20,000 - $50,000"
Geo-Thermal Gauntlets,Channeling underground heat for energy,Fiery energy cuffs on wrists,Conversion,6,Thermal (Heat),"$65,000 - $80,000"
Kinetic Absorption Pads,Absorb shock from drilling,Shiny black pads on knees,General,5,Various,"$20,000 - $50,000"
Lava-Resistant Plating,Protect against extreme heat,Dark heat-dissipating plating on legs,Conversion,6,Thermal (Heat),"$65,000 - $80,000"
Electro-Magnetic Boots,Magnetic grip to walk on metal surfaces,Boots with glowing soles,General,5,Various,"$20,000 - $50,000"
Focused Sonic Drill,High precision drilling,Arm-mounted drill with a glowing tip,General,5,Various,"$20,000 - $50,000"
Thermal Vision Visor,See through smoke and dust,Helmet with an orange visor,General,5,Various,"$20,000 - $50,000"
Energy Pulse Emitter,Blast away debris,Shoulder-mounted emitters with a warm glow,General,5,Various,"$20,000 - $50,000"
Mantle Penetrating Radar,Deep earth scanning,Integrated back unit with radar fins,General,5,Various,"$20,000 - $50,000"
Vibration Dampening Core,Stabilize during earth tremors,Central chest unit with oscillating lights,General,5,Various,"$20,000 - $50,000"
Exo-Skeleton Powerframe,Enhanced strength for heavy lifting,Reinforced black exoskeleton,General,5,Various,"$20,000 - $50,000"
Plasma Torch Cutter,Cutting through rock and metal,Integrated torches on fingertips,General,5,Various,"$20,000 - $50,000"
Ore Sample Analyzer,Instant onsite mineral analysis,Belt-mounted device with retractable probes,General,5,Various,"$20,000 - $50,000"
Heat Exchanger Unit,Regulate suit temperature,Back-mounted unit with vented slats,General,5,Various,"$20,000 - $50,000"
Ionized Air Purifier,Provide clean breathing air,Mask with side filters,General,5,Various,"$20,000 - $50,000"
Arc-Welding Projector,Welding in field conditions,Wrist-mounted welding arc projectors,General,5,Various,"$20,000 - $50,000"
Gravitational Wave Stabilizer,Counteract sudden gravity shifts,Device with concentric rings on belt,General,5,Various,"$20,000 - $50,000"
Subsonic Communicator,Communication in noisy environments,Throat device emitting subsonic waves,General,5,Various,"$20,000 - $50,000"
Rock Composition Scanner,Detailed rock composition data,Handheld device with a scanning beam,General,5,Various,"$20,000 - $50,000"
Photon Dispersion Field,Disperse laser traps and security measures,Small emitters around the waist,General,5,Various,"$20,000 - $50,000"
Energy Shield Generator,Generate a protective force field,Chest emblem emitting a protective bubble,General,5,Various,"$20,000 - $50,000"
Halo Light Projector,Illuminates dark environments,Overhead circular array emitting bright light,General,5,Various,"$20,000 - $50,000"
Energy Conduit Harness,Transfers power throughout the suit,Visible light-up cables along the suit,General,5,Various,"$20,000 - $50,000"
Personal Shield Generator,Personal defense against environmental hazards,Chest-mounted device with light indicator,General,5,Various,"$20,000 - $50,000"
Ionic Filtration Mask,Filtration of toxic gases,Mask with integrated light-up air filters,General,5,Various,"$20,000 - $50,000"
Arc Reactor Core,Power source with high output,Visible glowing core at the center of the chest,General,5,Various,"$20,000 - $50,000"
Environmental Adaptation Unit,Regulates suit environment,Shoulder mounted with multi-colored lights,General,5,Various,"$20,000 - $50,000"
Gravitational Field Detector,Detects changes in gravitational fields,Bracelets with glowing indicators,General,5,Various,"$20,000 - $50,000"
Electrostatic Discharge Gloves,Allows safe handling of electrically charged materials,Gloves with glowing fingertips,General,5,Various,"$20,000 - $50,000"
Multi-Frequency Communication Array,Enables communication across various frequencies,Neckline with integrated light-up nodes,General,5,Various,"$20,000 - $50,000"
Quantum Computing Interface,Advanced computation and data analysis,Forearm panel with holographic display,General,5,Various,"$20,000 - $50,000"
Photon Barrier Emitter,Emits a light barrier to create temporary illuminated workspace,Device around the head with light rings,General,5,Various,"$20,000 - $50,000"
Magnetic Resonance Couplers,Attach to and manipulate metal objects,Bracelets with magnetic field generators,General,5,Various,"$20,000 - $50,000"
Kinetic Energy Harvesters,Harvests energy from motion to recharge the suit,Bands around the arms and legs with light strips,General,5,Various,"$20,000 - $50,000"
Holographic Display Gauntlets,Projection of data and images,Gauntlets with hologram projectors,General,5,Various,"$20,000 - $50,000"
Anti-Gravity Levitation Pack,Enables controlled hovering and levitation,Large disc on the back with anti-gravity emitters,General,5,Various,"$20,000 - $50,000"
Subterranean Navigation Matrix,Assists in underground pathfinding and navigation,Integrated suit HUD with 3D mapping projections,Navigation,6,Battery,"$50,000 - $70,000"
Crystal Resonance Locator,Detects valuable mineral deposits through resonance frequencies,Arm-mounted device with a crystalline sensor array and pulsating lights,General,5,Various,"$20,000 - $50,000"
Compact Rock Dissolver,Safely dissolves rock formations without explosives using a chemical agent and ultrasonic,Handheld device with a nozzle for agent dispersion,Mining Efficiency,8,Battery,"$6,000 - $8,000"
Self-Healing Protective Gear,Protective mining gear that automatically repairs small tears or punctures,Fabric embedded with microcapsules containing repair agent,Safety,9,None (Passive),"$2,500 - $4,000"
Wireless Energy Transfer System,Transfers electrical power without wires to mining equipment underground,Network of underground relay stations,Energy,9,Magnetic Resonance,$10,000 - $15,000"
I Driven Geological Scanner,Uses AI to analyze rock samples in real-time and predict mineral locations,Portable device with sample insertion slot and digital display,Analysis,9,Battery,"$7,500 - $10,000"
Biometric Health Monitor,Monitors miner's health in real-time and alerts for any anomalies,Wearable device resembling a smartwatch,Health Monitoring,9,Battery,"$1,000 - $2,000"
Virtual Reality Training Simulator,Immersive training for miners in simulated hazardous conditions,VR headset and motion tracking gloves,Training,9,Battery,"$4,500 - $6,000"
Portable Air Purification Unit,Provides clean breathing air by filtering harmful particles and gases,Backpack-sized unit with face mask,Safety,9,Battery,"$3,000 - $4,500"
Smart Lighting System,Automatically adjusts brightness based on the ambient light and presence of personnel,LED lights integrated with sensors,Lighting,9,Solar,"$5,000 - $7,000"
Robotic Drilling Assistant,Automates drilling operations and reduces manual labor,Four-legged robot with mounted drill,Mining Efficiency,9,Electric (Corded),"$12,000 - $15,000"
Subterranean Communication Link,Enhances underground communication with surface operations,Underground relay stations and surface antenna,Communication,9,Battery and Solar,"$9,000 - $12,000"
Automated Mineral Sorting System,Uses machine vision to sort minerals from waste rock,Conveyor belt system with cameras and sorting mechanism,Processing,9,Electric,"$20,000 - $30,000"
Hydrophobic Coating Spray,Prevents water and mud from sticking to machinery and vehicles,Aerosol cans with spray nozzle,Maintenance,9,None (Chemical),"$100 - $200"
Seismic Prediction Software,Analyzes seismic data to predict potential rockfalls or collapses,Software application for mobile devices and PCs,Safety,9,N/A (Software),"$500 - $1,500"
Remote-Controlled Demolition Drone,Performs controlled explosions in hazardous areas,Drone equipped with explosives and camera,Demolition,9,Battery,"$8,000 - $10,000"
Emergency Shelter Pod,Provides immediate shelter and life-support in case of underground emergencies,Compact deployable pod with life-support systems,Safety,9,Battery and Manual,"$15,000 - $20,000"
Long-Range Acoustic Device,Communicates and warns personnel across vast distances underground,Handheld device with directional speaker,Communication,9,Battery,"$2,000 - $3,500"
Electromagnetic Vehicle Locator,Tracks and locates vehicles and equipment through electromagnetic signals,Dashboard-mounted display in vehicles,Navigation,9,Vehicle Power,"$1,500 - $2,500"
Automated Ore Loader,Efficiently loads ore into transport containers with minimal human intervention,Large robotic arms with scoop attachments,Mining Efficiency,9,Electric,"$25,000 - $40,000"
Geothermal Cooling Vest,Reduces body temperature for miners working in high-heat environments,Wearable vest with integrated cooling tubes,Safety,9,Body Heat & Thermal,"$1,200 - $2,000"
Solar-Powered Illumination Drones,Provides temporary lighting in dark or newly excavated areas,Small drones with bright LED lights,Lighting,9,Solar,"$3,000 - $4,000"
Rock Stability Sensors,Monitors and alerts to potential rock movement or collapse,Small mountable sensors placed on rock faces,Monitoring,9,Battery,"$500 - $700"
Water Recycler for Drilling,Recycles water used in drilling operations to minimize waste,Portable filtration unit,Sustainability,9,Electric,"$10,000 - $12,000"
Pressure-Activated Emergency Beacon,Sends an emergency signal when activated by extreme pressure,Small wearable device,Safety,9,Battery,"$250 - $400"
Autonomous Inspection Drone,Performs visual inspections of hard-to-reach areas in mines,Quadcopter drone with HD camera,Inspection,9,Battery,"$5,000 - $6,500"
Smart Dust for Air Quality,Tiny sensors that float in the air to monitor quality and detect hazardous gases,Microscopic sensors dispersed in areas of interest,Environmental Monitoring,9,Ambient Energy,"$2,000 - $3,000" per batch"
